[
  {
    "model": "products_app.maincategory",
    "pk": 1,
    "fields": { "name": "قطعات کامپیوتر" }
  },
  {
    "model": "products_app.maincategory",
    "pk": 2,
    "fields": { "name": "لپ تاپ" }
  },
  {
    "model": "products_app.category",
    "pk": 1,
    "fields": { "main_category": null, "name": "PC" }
  },
  {
    "model": "products_app.category",
    "pk": 2,
    "fields": { "main_category": null, "name": "مادربرد" }
  },
  {
    "model": "products_app.category",
    "pk": 3,
    "fields": { "main_category": null, "name": "پردازنده مرکزی" }
  },
  {
    "model": "products_app.category",
    "pk": 4,
    "fields": { "main_category": null, "name": "گرافیک" }
  },
  {
    "model": "products_app.category",
    "pk": 5,
    "fields": { "main_category": null, "name": "حافظه رم" }
  },
  {
    "model": "products_app.category",
    "pk": 6,
    "fields": { "main_category": null, "name": "هارد دیسک" }
  },
  {
    "model": "products_app.category",
    "pk": 7,
    "fields": { "main_category": null, "name": "حافظه SSD" }
  },
  {
    "model": "products_app.category",
    "pk": 8,
    "fields": { "main_category": null, "name": "منبع تغذیه" }
  },
  {
    "model": "products_app.category",
    "pk": 9,
    "fields": { "main_category": null, "name": "خنک کننده" }
  },
  {
    "model": "products_app.category",
    "pk": 10,
    "fields": { "main_category": null, "name": "کیس کامپیوتر" }
  },
  {
    "model": "products_app.category",
    "pk": 11,
    "fields": { "main_category": 2, "name": "لپ تاپ ایسوس" }
  },
  {
    "model": "products_app.product",
    "pk": 2,
    "fields": {
      "name": "مادربرد ایسوس مدل ROG MAXIMUS Z790 HERO EVA-02 EDITION",
      "description": "",
      "price": 38986515,
      "quantity_available": 10,
      "main_category": null,
      "category": 2,
      "created_at": "2024-04-11T10:47:06.556Z",
      "updated_at": "2024-04-11T10:47:06.556Z"
    }
  },
  {
    "model": "products_app.product",
    "pk": 3,
    "fields": {
      "name": "مادربرد ایسوس ASUS ROG STRIX Z790-E GAMING WIFI D5",
      "description": "",
      "price": 27796031,
      "quantity_available": 10,
      "main_category": null,
      "category": 2,
      "created_at": "2024-04-11T10:51:12.612Z",
      "updated_at": "2024-04-11T10:51:12.612Z"
    }
  },
  {
    "model": "products_app.product",
    "pk": 4,
    "fields": {
      "name": "پردازنده اینتل Core i9-14900K Tray",
      "description": "",
      "price": 37546937,
      "quantity_available": 10,
      "main_category": null,
      "category": 3,
      "created_at": "2024-04-11T11:04:12.750Z",
      "updated_at": "2024-04-11T11:04:12.750Z"
    }
  },
  {
    "model": "products_app.product",
    "pk": 5,
    "fields": {
      "name": "پردازنده اینتل CORE I5 13600K",
      "description": "",
      "price": 17903125,
      "quantity_available": 10,
      "main_category": null,
      "category": 3,
      "created_at": "2024-04-11T11:07:18.860Z",
      "updated_at": "2024-04-11T11:07:18.860Z"
    }
  },
  {
    "model": "products_app.product",
    "pk": 6,
    "fields": {
      "name": "کارت گرافیک گیگابایت GeForce RTX 4090 GAMING OC 24G",
      "description": "",
      "price": 127298302,
      "quantity_available": 10,
      "main_category": null,
      "category": 4,
      "created_at": "2024-04-11T11:15:27.870Z",
      "updated_at": "2024-04-11T11:15:27.871Z"
    }
  },
  {
    "model": "products_app.product",
    "pk": 7,
    "fields": {
      "name": "کارت گرافیک زوتاک ZOTAC GAMING GeForce RTX 3070 Twin Edge OC White Edition LHR 8GB GDDR6",
      "description": "",
      "price": 38000857,
      "quantity_available": 10,
      "main_category": null,
      "category": 4,
      "created_at": "2024-04-11T11:19:14.717Z",
      "updated_at": "2024-04-11T11:19:14.718Z"
    }
  },
  {
    "model": "products_app.product",
    "pk": 8,
    "fields": {
      "name": "رم Corsair Dominator Platinum RGB DDR5 64GB Dual 5600MHz CL40 – Black",
      "description": "",
      "price": 14500505,
      "quantity_available": 10,
      "main_category": null,
      "category": 5,
      "created_at": "2024-04-11T12:51:03.090Z",
      "updated_at": "2024-04-11T12:51:03.090Z"
    }
  },
  {
    "model": "products_app.product",
    "pk": 9,
    "fields": {
      "name": "حافظه رم جی اسکیل Trident Z5 RGB 32GB Dual 6000MHz CL36 Black",
      "description": "",
      "price": 7904227,
      "quantity_available": 10,
      "main_category": null,
      "category": 5,
      "created_at": "2024-04-11T12:52:42.297Z",
      "updated_at": "2024-04-11T12:52:42.297Z"
    }
  },
  {
    "model": "products_app.product",
    "pk": 10,
    "fields": {
      "name": "هارد اینترنال وسترن دیجیتال WD Purple 6TB WD60PURZ",
      "description": "",
      "price": 8689327,
      "quantity_available": 10,
      "main_category": null,
      "category": 6,
      "created_at": "2024-04-11T12:56:20.705Z",
      "updated_at": "2024-04-11T12:56:20.705Z"
    }
  },
  {
    "model": "products_app.product",
    "pk": 11,
    "fields": {
      "name": "حافظه سامسونگ Samsung 990 Pro SSD M.2 2TB",
      "description": "",
      "price": 11899344,
      "quantity_available": 10,
      "main_category": null,
      "category": 7,
      "created_at": "2024-04-11T12:59:27.651Z",
      "updated_at": "2024-04-11T12:59:27.651Z"
    }
  },
  {
    "model": "products_app.product",
    "pk": 12,
    "fields": {
      "name": "پاور گرین GP1350B-OCDG",
      "description": "",
      "price": 12438554,
      "quantity_available": 10,
      "main_category": null,
      "category": 8,
      "created_at": "2024-04-11T13:06:42.127Z",
      "updated_at": "2024-04-11T13:06:42.127Z"
    }
  },
  {
    "model": "products_app.product",
    "pk": 13,
    "fields": {
      "name": "خنک کننده پردازنده ترمالتیک Water 3.0 360 ARGB Sync",
      "description": "",
      "price": 12201192,
      "quantity_available": 10,
      "main_category": null,
      "category": 9,
      "created_at": "2024-04-11T13:12:02.966Z",
      "updated_at": "2024-04-11T13:12:02.966Z"
    }
  },
  {
    "model": "products_app.product",
    "pk": 14,
    "fields": {
      "name": "کیس دیپ کول DeepCool QUADSTELLAR INFINITY",
      "description": "",
      "price": 39760075,
      "quantity_available": 10,
      "main_category": null,
      "category": 10,
      "created_at": "2024-04-11T13:15:19.837Z",
      "updated_at": "2024-04-11T13:15:19.837Z"
    }
  },
  {
    "model": "products_app.product",
    "pk": 15,
    "fields": {
      "name": "کامپیوتر گیمینگ PC Ultra",
      "description": "",
      "price": 165216548,
      "quantity_available": 2,
      "main_category": null,
      "category": 1,
      "created_at": "2024-04-11T13:21:19.295Z",
      "updated_at": "2024-04-11T13:21:19.295Z"
    }
  },
  {
    "model": "products_app.product",
    "pk": 21,
    "fields": {
      "name": "پردازنده اینتل Intel Core i3 10100F TRAY",
      "description": null,
      "price": 35000000,
      "quantity_available": 50,
      "main_category": 1,
      "category": 3,
      "created_at": "2024-04-26T08:07:12.423Z",
      "updated_at": "2024-04-26T08:07:12.423Z"
    }
  },
  {
    "model": "products_app.product",
    "pk": 22,
    "fields": {
      "name": "پردازنده اینتل Intel Core i3 12100F – Tray",
      "description": null,
      "price": 35000000,
      "quantity_available": 50,
      "main_category": 1,
      "category": 3,
      "created_at": "2024-04-26T08:07:15.626Z",
      "updated_at": "2024-04-26T08:07:15.626Z"
    }
  },
  {
    "model": "products_app.product",
    "pk": 23,
    "fields": {
      "name": "پردازنده اینتل Intel Core i3 10100 TRAY",
      "description": null,
      "price": 35000000,
      "quantity_available": 50,
      "main_category": 1,
      "category": 3,
      "created_at": "2024-04-26T08:07:19.026Z",
      "updated_at": "2024-04-26T08:07:19.026Z"
    }
  },
  {
    "model": "products_app.product",
    "pk": 24,
    "fields": {
      "name": "پردازنده اینتل Intel Pentium Gold G6405",
      "description": null,
      "price": 35000000,
      "quantity_available": 50,
      "main_category": 1,
      "category": 3,
      "created_at": "2024-04-26T08:07:22.173Z",
      "updated_at": "2024-04-26T08:07:22.173Z"
    }
  },
  {
    "model": "products_app.product",
    "pk": 25,
    "fields": {
      "name": "پردازنده Intel Core i3-12100 Tray",
      "description": null,
      "price": 35000000,
      "quantity_available": 50,
      "main_category": 1,
      "category": 3,
      "created_at": "2024-04-26T08:07:24.405Z",
      "updated_at": "2024-04-26T08:07:24.405Z"
    }
  },
  {
    "model": "products_app.product",
    "pk": 26,
    "fields": {
      "name": "پردازنده اینتل پردازنده Intel Core i5 10400F TRAY",
      "description": null,
      "price": 35000000,
      "quantity_available": 50,
      "main_category": 1,
      "category": 3,
      "created_at": "2024-04-26T08:07:27.836Z",
      "updated_at": "2024-04-26T08:07:27.837Z"
    }
  },
  {
    "model": "products_app.product",
    "pk": 27,
    "fields": {
      "name": "پردازنده اینتل Intel Core i3 13100F – Tray",
      "description": null,
      "price": 35000000,
      "quantity_available": 50,
      "main_category": 1,
      "category": 3,
      "created_at": "2024-04-26T08:07:31.008Z",
      "updated_at": "2024-04-26T08:07:31.008Z"
    }
  },
  {
    "model": "products_app.product",
    "pk": 28,
    "fields": {
      "name": "پردازنده اینتل Intel Core i5 10400 TRAY",
      "description": null,
      "price": 35000000,
      "quantity_available": 50,
      "main_category": 1,
      "category": 3,
      "created_at": "2024-04-26T08:07:33.957Z",
      "updated_at": "2024-04-26T08:07:33.957Z"
    }
  },
  {
    "model": "products_app.product",
    "pk": 29,
    "fields": {
      "name": "پردازنده اینتل Intel Core i3 13100 – Tray",
      "description": null,
      "price": 35000000,
      "quantity_available": 50,
      "main_category": 1,
      "category": 3,
      "created_at": "2024-04-26T08:07:36.966Z",
      "updated_at": "2024-04-26T08:07:36.966Z"
    }
  },
  {
    "model": "products_app.product",
    "pk": 30,
    "fields": {
      "name": "پردازنده Intel Core i5-12400F Tray",
      "description": null,
      "price": 35000000,
      "quantity_available": 50,
      "main_category": 1,
      "category": 3,
      "created_at": "2024-04-26T08:07:39.929Z",
      "updated_at": "2024-04-26T08:07:39.929Z"
    }
  },
  {
    "model": "products_app.product",
    "pk": 31,
    "fields": {
      "name": "پردازنده Intel Core i5-12400 Tray",
      "description": null,
      "price": 35000000,
      "quantity_available": 50,
      "main_category": 1,
      "category": 3,
      "created_at": "2024-04-26T08:07:43.254Z",
      "updated_at": "2024-04-26T08:07:43.254Z"
    }
  },
  {
    "model": "products_app.product",
    "pk": 32,
    "fields": {
      "name": "پردازنده اینتل Intel Core i5 13400F – Tray",
      "description": null,
      "price": 35000000,
      "quantity_available": 50,
      "main_category": 1,
      "category": 3,
      "created_at": "2024-04-26T08:07:46.993Z",
      "updated_at": "2024-04-26T08:07:46.993Z"
    }
  },
  {
    "model": "products_app.product",
    "pk": 33,
    "fields": {
      "name": "پردازنده اینتل Intel Core i7 10700 – Tray",
      "description": null,
      "price": 35000000,
      "quantity_available": 50,
      "main_category": 1,
      "category": 3,
      "created_at": "2024-04-26T08:07:50.180Z",
      "updated_at": "2024-04-26T08:07:50.180Z"
    }
  },
  {
    "model": "products_app.product",
    "pk": 34,
    "fields": {
      "name": "پردازنده اینتل Intel Core i5 13400 – Tray",
      "description": null,
      "price": 35000000,
      "quantity_available": 50,
      "main_category": 1,
      "category": 3,
      "created_at": "2024-04-26T08:07:53.704Z",
      "updated_at": "2024-04-26T08:07:53.704Z"
    }
  },
  {
    "model": "products_app.product",
    "pk": 35,
    "fields": {
      "name": "پردازنده اینتل Intel Core i7 10700K",
      "description": null,
      "price": 35000000,
      "quantity_available": 50,
      "main_category": 1,
      "category": 3,
      "created_at": "2024-04-26T08:07:56.883Z",
      "updated_at": "2024-04-26T08:07:56.883Z"
    }
  },
  {
    "model": "products_app.product",
    "pk": 52,
    "fields": {
      "name": "مادربرد ایسوس Asus Prime H510M-R SI D4",
      "description": null,
      "price": 45000000,
      "quantity_available": 50,
      "main_category": 1,
      "category": 2,
      "created_at": "2024-04-26T09:17:34.993Z",
      "updated_at": "2024-04-26T09:17:34.993Z"
    }
  },
  {
    "model": "products_app.product",
    "pk": 53,
    "fields": {
      "name": "مادربرد ایسوس Asus Prime H610M-R D4",
      "description": null,
      "price": 45000000,
      "quantity_available": 50,
      "main_category": 1,
      "category": 2,
      "created_at": "2024-04-26T09:17:38.492Z",
      "updated_at": "2024-04-26T09:17:38.492Z"
    }
  },
  {
    "model": "products_app.product",
    "pk": 54,
    "fields": {
      "name": "مادربرد ایسوس PRIME H510M-K",
      "description": null,
      "price": 45000000,
      "quantity_available": 50,
      "main_category": 1,
      "category": 2,
      "created_at": "2024-04-26T09:17:41.570Z",
      "updated_at": "2024-04-26T09:17:41.570Z"
    }
  },
  {
    "model": "products_app.product",
    "pk": 55,
    "fields": {
      "name": "مادربرد ایسوس ASUS Prime H610M-E D4",
      "description": null,
      "price": 45000000,
      "quantity_available": 50,
      "main_category": 1,
      "category": 2,
      "created_at": "2024-04-26T09:17:45.070Z",
      "updated_at": "2024-04-26T09:17:45.070Z"
    }
  },
  {
    "model": "products_app.product",
    "pk": 56,
    "fields": {
      "name": "مادربرد ایسوس PRIME H610M-K D4",
      "description": null,
      "price": 45000000,
      "quantity_available": 50,
      "main_category": 1,
      "category": 2,
      "created_at": "2024-04-26T09:17:48.291Z",
      "updated_at": "2024-04-26T09:17:48.291Z"
    }
  },
  {
    "model": "products_app.product",
    "pk": 57,
    "fields": {
      "name": "مادربرد ایسوس PRIME H610M C PS D4",
      "description": null,
      "price": 45000000,
      "quantity_available": 50,
      "main_category": 1,
      "category": 2,
      "created_at": "2024-04-26T09:17:52.168Z",
      "updated_at": "2024-04-26T09:17:52.168Z"
    }
  },
  {
    "model": "products_app.product",
    "pk": 58,
    "fields": {
      "name": "مادربرد ایسوس ASUS Prime H610M-A D4",
      "description": null,
      "price": 45000000,
      "quantity_available": 50,
      "main_category": 1,
      "category": 2,
      "created_at": "2024-04-26T09:17:55.783Z",
      "updated_at": "2024-04-26T09:17:55.783Z"
    }
  },
  {
    "model": "products_app.product",
    "pk": 59,
    "fields": {
      "name": "مادربرد ایسوس ASUS PRIME H610M-A WIFI D4",
      "description": null,
      "price": 45000000,
      "quantity_available": 50,
      "main_category": 1,
      "category": 2,
      "created_at": "2024-04-26T09:17:59.092Z",
      "updated_at": "2024-04-26T09:17:59.092Z"
    }
  },
  {
    "model": "products_app.product",
    "pk": 60,
    "fields": {
      "name": "مادربرد ایسوس Asus Prime B660M-K D4",
      "description": null,
      "price": 45000000,
      "quantity_available": 50,
      "main_category": 1,
      "category": 2,
      "created_at": "2024-04-26T09:18:02.292Z",
      "updated_at": "2024-04-26T09:18:02.292Z"
    }
  },
  {
    "model": "products_app.product",
    "pk": 61,
    "fields": {
      "name": "مادربرد ایسوس PRIME H770 PLUS D4",
      "description": null,
      "price": 45000000,
      "quantity_available": 50,
      "main_category": 1,
      "category": 2,
      "created_at": "2024-04-26T09:18:05.883Z",
      "updated_at": "2024-04-26T09:18:05.884Z"
    }
  },
  {
    "model": "products_app.product",
    "pk": 62,
    "fields": {
      "name": "مادربرد ایسوس ASUS PRIME B660-M-A WIFI D4",
      "description": null,
      "price": 45000000,
      "quantity_available": 50,
      "main_category": 1,
      "category": 2,
      "created_at": "2024-04-26T09:18:09.311Z",
      "updated_at": "2024-04-26T09:18:09.311Z"
    }
  },
  {
    "model": "products_app.product",
    "pk": 63,
    "fields": {
      "name": "مادربرد ایسوس ASUS PRIME B660-PLUS D4",
      "description": null,
      "price": 45000000,
      "quantity_available": 50,
      "main_category": 1,
      "category": 2,
      "created_at": "2024-04-26T09:18:12.737Z",
      "updated_at": "2024-04-26T09:18:12.737Z"
    }
  },
  {
    "model": "products_app.product",
    "pk": 64,
    "fields": {
      "name": "Prime Z790 P DDR5 مادربرد ایسوس",
      "description": "",
      "price": 45000000,
      "quantity_available": 50,
      "main_category": 1,
      "category": 2,
      "created_at": "2024-04-26T09:18:16.174Z",
      "updated_at": "2024-04-26T09:18:54.727Z"
    }
  },
  {
    "model": "products_app.product",
    "pk": 85,
    "fields": {
      "name": "لپ تاپ ایسوس ROG Strix Scar G834JYR-AC i9-14900HX/64GB D5/2TB/RTX 4090 16GB/QHD",
      "description": null,
      "price": 300000000,
      "quantity_available": 50,
      "main_category": 2,
      "category": 11,
      "created_at": "2024-04-26T16:21:32.492Z",
      "updated_at": "2024-04-26T16:21:32.492Z"
    }
  },
  {
    "model": "products_app.product",
    "pk": 86,
    "fields": {
      "name": "لپ تاپ ایسوس ROG Strix Scar G834JYR-AB i9-14900HX/64GB D5/1TB/RTX 4090 16GB/QHD",
      "description": null,
      "price": 300000000,
      "quantity_available": 50,
      "main_category": 2,
      "category": 11,
      "created_at": "2024-04-26T16:21:35.341Z",
      "updated_at": "2024-04-26T16:21:35.341Z"
    }
  },
  {
    "model": "products_app.product",
    "pk": 87,
    "fields": {
      "name": "لپ تاپ ایسوس ROG Strix Scar G834JZR-AC i9-14900HX/64GB D5/2TB/RTX 4080 12GB/WQXGA",
      "description": null,
      "price": 300000000,
      "quantity_available": 50,
      "main_category": 2,
      "category": 11,
      "created_at": "2024-04-26T16:21:38.318Z",
      "updated_at": "2024-04-26T16:21:38.318Z"
    }
  },
  {
    "model": "products_app.product",
    "pk": 88,
    "fields": {
      "name": "لپ تاپ ایسوس ROG Zephyrus GU604VY-AC i9-13900H/64GB D5/2TB/RTX 4090 16GB/WQXGA",
      "description": null,
      "price": 300000000,
      "quantity_available": 50,
      "main_category": 2,
      "category": 11,
      "created_at": "2024-04-26T16:21:41.531Z",
      "updated_at": "2024-04-26T16:21:41.531Z"
    }
  },
  {
    "model": "products_app.product",
    "pk": 89,
    "fields": {
      "name": "لپ تاپ ایسوس ROG Strix Scar G834JZR-AB i9-14900HX/64GB D5/1TB/RTX 4080 12GB/WQXGA",
      "description": null,
      "price": 300000000,
      "quantity_available": 50,
      "main_category": 2,
      "category": 11,
      "created_at": "2024-04-26T16:21:44.109Z",
      "updated_at": "2024-04-26T16:21:44.109Z"
    }
  },
  {
    "model": "products_app.product",
    "pk": 90,
    "fields": {
      "name": "لپ تاپ ایسوس ROG Zephyrus GU604VY-AB i9-13900H/64GB D5/1TB/RTX 4090 16GB/WQXGA",
      "description": null,
      "price": 300000000,
      "quantity_available": 50,
      "main_category": 2,
      "category": 11,
      "created_at": "2024-04-26T16:21:46.909Z",
      "updated_at": "2024-04-26T16:21:46.909Z"
    }
  },
  {
    "model": "products_app.product",
    "pk": 91,
    "fields": {
      "name": "لپ تاپ ایسوس ROG  Zephyrus GU604VY-AA i9-13900H/32GB-D5/2TB/RTX 4090 16GB/WQXGA",
      "description": null,
      "price": 300000000,
      "quantity_available": 50,
      "main_category": 2,
      "category": 11,
      "created_at": "2024-04-26T16:21:49.700Z",
      "updated_at": "2024-04-26T16:21:49.700Z"
    }
  },
  {
    "model": "products_app.product",
    "pk": 92,
    "fields": {
      "name": "لپ تاپ ایسوس ROG Zephyrus GU604VY-A i9-13900H/32GB DDR5/1TB/RTX 4090 16GB/WQXGA",
      "description": null,
      "price": 300000000,
      "quantity_available": 50,
      "main_category": 2,
      "category": 11,
      "created_at": "2024-04-26T16:21:53.884Z",
      "updated_at": "2024-04-26T16:21:53.884Z"
    }
  },
  {
    "model": "products_app.product",
    "pk": 93,
    "fields": {
      "name": "لپ تاپ ایسوس ROG Strix Scar G614JZR-AC i9-14900HX/64GB D5/2TB/RTX 4080 12GB/WQXGA",
      "description": null,
      "price": 300000000,
      "quantity_available": 50,
      "main_category": 2,
      "category": 11,
      "created_at": "2024-04-26T16:21:59.205Z",
      "updated_at": "2024-04-26T16:21:59.205Z"
    }
  },
  {
    "model": "products_app.product",
    "pk": 94,
    "fields": {
      "name": "لپ تاپ ایسوس ROG Strix Scar G614JZR-AB i9-14900HX/64GB D5/1TB/RTX 4080 12GB/WQXGA",
      "description": null,
      "price": 300000000,
      "quantity_available": 50,
      "main_category": 2,
      "category": 11,
      "created_at": "2024-04-26T16:22:01.915Z",
      "updated_at": "2024-04-26T16:22:01.915Z"
    }
  },
  {
    "model": "products_app.product",
    "pk": 95,
    "fields": {
      "name": "لپ تاپ ایسوس ROG Strix Scar G614JZR-AA i9-14900HX/32GB D5/2TB/RTX 4080 12GB/WQXGA",
      "description": null,
      "price": 300000000,
      "quantity_available": 50,
      "main_category": 2,
      "category": 11,
      "created_at": "2024-04-26T16:22:05.772Z",
      "updated_at": "2024-04-26T16:22:05.772Z"
    }
  },
  {
    "model": "products_app.product",
    "pk": 96,
    "fields": {
      "name": "لپ تاپ ایسوس ROG G614JZR-A i9-14900HX/32GB D5/1TB/RTX 4080 12GB/WQXGA",
      "description": null,
      "price": 300000000,
      "quantity_available": 50,
      "main_category": 2,
      "category": 11,
      "created_at": "2024-04-26T16:22:18.292Z",
      "updated_at": "2024-04-26T16:22:18.292Z"
    }
  },
  {
    "model": "products_app.product",
    "pk": 97,
    "fields": {
      "name": "رم کامپیوتر Corsair Vengeance RGB DDR5 32GB Dual 5200MHz CL40",
      "description": null,
      "price": 6000000,
      "quantity_available": 50,
      "main_category": 1,
      "category": 5,
      "created_at": "2024-04-26T16:34:19.864Z",
      "updated_at": "2024-04-26T16:34:19.864Z"
    }
  },
  {
    "model": "products_app.product",
    "pk": 98,
    "fields": {
      "name": "رم کامپیوتر Corsair Vengeance LPX DDR5 32GB Dual 6200MHz CL36 – Black",
      "description": null,
      "price": 6000000,
      "quantity_available": 50,
      "main_category": 1,
      "category": 5,
      "created_at": "2024-04-26T16:34:24.726Z",
      "updated_at": "2024-04-26T16:34:24.726Z"
    }
  },
  {
    "model": "products_app.product",
    "pk": 99,
    "fields": {
      "name": "رم کامپیوتر Corsair VENGEANCE LPX 32GB Dual 3200MHz CL16 DDR4",
      "description": null,
      "price": 6000000,
      "quantity_available": 50,
      "main_category": 1,
      "category": 5,
      "created_at": "2024-04-26T16:34:30.730Z",
      "updated_at": "2024-04-26T16:34:30.730Z"
    }
  },
  {
    "model": "products_app.product",
    "pk": 100,
    "fields": {
      "name": "رم کامپیوتر Corsair Vengeance DDR5 32GB Dual 5600MHz CL36",
      "description": null,
      "price": 6000000,
      "quantity_available": 50,
      "main_category": 1,
      "category": 5,
      "created_at": "2024-04-26T16:34:34.023Z",
      "updated_at": "2024-04-26T16:34:34.023Z"
    }
  },
  {
    "model": "products_app.product",
    "pk": 102,
    "fields": {
      "name": "حافظه سامسونگ SAMSUNG SSD M.2 990 PRO 1TB",
      "description": null,
      "price": 6000000,
      "quantity_available": 50,
      "main_category": 1,
      "category": 7,
      "created_at": "2024-04-26T17:10:53.371Z",
      "updated_at": "2024-04-26T17:10:53.371Z"
    }
  },
  {
    "model": "products_app.product",
    "pk": 103,
    "fields": {
      "name": "حافظه سامسونگ SAMSUNG M.2 980 500GB",
      "description": null,
      "price": 6000000,
      "quantity_available": 50,
      "main_category": 1,
      "category": 7,
      "created_at": "2024-04-26T17:11:08.127Z",
      "updated_at": "2024-04-26T17:11:08.127Z"
    }
  },
  {
    "model": "products_app.product",
    "pk": 104,
    "fields": {
      "name": "حافظه سامسونگ SAMSUNG SSD M.2 980 PRO 1TB",
      "description": null,
      "price": 6000000,
      "quantity_available": 50,
      "main_category": 1,
      "category": 7,
      "created_at": "2024-04-26T17:11:22.819Z",
      "updated_at": "2024-04-26T17:11:22.819Z"
    }
  },
  {
    "model": "products_app.product",
    "pk": 110,
    "fields": {
      "name": "کارت گرافیک زوتاک RTX 4070TI AMP AIRO SPIDER-MAN",
      "description": "",
      "price": 120000000,
      "quantity_available": 50,
      "main_category": 1,
      "category": 4,
      "created_at": "2024-04-26T17:28:49.894Z",
      "updated_at": "2024-04-29T11:34:01.567Z"
    }
  },
  {
    "model": "products_app.product",
    "pk": 111,
    "fields": {
      "name": "کارت گرافیک ایسوس ASUS TUF GAMING RTX 4070 Ti 12G OC",
      "description": "",
      "price": 120000000,
      "quantity_available": 50,
      "main_category": 1,
      "category": 4,
      "created_at": "2024-04-26T17:29:04.907Z",
      "updated_at": "2024-04-29T11:34:06.448Z"
    }
  },
  {
    "model": "products_app.productimage",
    "pk": 2,
    "fields": {
      "product": 3,
      "image": "images/products/rog-strix-z790-e-gaming-wifi-model-1.webp",
      "image_url": "https://pckala.org/wp-content/uploads/2023/04/rog-strix-z790-e-gaming-wifi-model-1.webp"
    }
  },
  {
    "model": "products_app.productimage",
    "pk": 3,
    "fields": {
      "product": 3,
      "image": "images/products/rog-strix-z790-e-gaming-wifi-model.webp",
      "image_url": "https://pckala.org/wp-content/uploads/2023/04/rog-strix-z790-e-gaming-wifi-model.webp"
    }
  },
  {
    "model": "products_app.productimage",
    "pk": 4,
    "fields": {
      "product": 2,
      "image": "images/products/rog-maximus-z790-hero-eva-02-edition-1.webp",
      "image_url": "https://pckala.org/wp-content/uploads/2024/01/rog-maximus-z790-hero-eva-02-edition-1.webp"
    }
  },
  {
    "model": "products_app.productimage",
    "pk": 5,
    "fields": {
      "product": 2,
      "image": "images/products/rog-maximus-z790-hero-eva-02-edition-2.webp",
      "image_url": "https://pckala.org/wp-content/uploads/2024/01/rog-maximus-z790-hero-eva-02-edition-2.webp"
    }
  },
  {
    "model": "products_app.productimage",
    "pk": 6,
    "fields": {
      "product": 4,
      "image": "images/products/core-i9-14900k.webp",
      "image_url": "https://pckala.org/wp-content/uploads/2023/11/core-i9-14900k.webp"
    }
  },
  {
    "model": "products_app.productimage",
    "pk": 7,
    "fields": {
      "product": 5,
      "image": "images/products/core-i5-13600k-box.webp",
      "image_url": "https://pckala.org/wp-content/uploads/2023/09/core-i5-13600k-box.webp"
    }
  },
  {
    "model": "products_app.productimage",
    "pk": 8,
    "fields": {
      "product": 7,
      "image": "images/products/ZOTAC-GAMING-GeForce-RTX-3070-Twin-Edge-OC-White-Edition-LHR-8GB-GDDR6.webp",
      "image_url": "https://pckala.org/wp-content/uploads/2023/04/ZOTAC-GAMING-GeForce-RTX-3070-Twin-Edge-OC-White-Edition-LHR-8GB-GDDR6.webp"
    }
  },
  {
    "model": "products_app.productimage",
    "pk": 9,
    "fields": {
      "product": 7,
      "image": "images/products/ZOTAC-GAMING-GeForce-RTX-3070-Twin-Edge-OC-White-Edition-LHR-8GB-GDDR6-02.webp",
      "image_url": "https://pckala.org/wp-content/uploads/2023/04/ZOTAC-GAMING-GeForce-RTX-3070-Twin-Edge-OC-White-Edition-LHR-8GB-GDDR6-02.webp"
    }
  },
  {
    "model": "products_app.productimage",
    "pk": 10,
    "fields": {
      "product": 6,
      "image": "images/products/GeForce-RTX-4090-GAMING-OC-24G-01.webp",
      "image_url": "https://pckala.org/wp-content/uploads/2023/04/GeForce-RTX-4090-GAMING-OC-24G-01.webp"
    }
  },
  {
    "model": "products_app.productimage",
    "pk": 11,
    "fields": {
      "product": 6,
      "image": "images/products/GeForce-RTX-4090-GAMING-OC-24G-02.webp",
      "image_url": "https://pckala.org/wp-content/uploads/2023/04/GeForce-RTX-4090-GAMING-OC-24G-02.webp"
    }
  },
  {
    "model": "products_app.productimage",
    "pk": 12,
    "fields": {
      "product": 9,
      "image": "images/products/Trident-Z5-RGB-64GB-Dual-5600MHz-CL36-E28093-Black.webp",
      "image_url": "https://pckala.org/wp-content/uploads/2023/09/Trident-Z5-RGB-64GB-Dual-5600MHz-CL36-%E2%80%93-Black.webp"
    }
  },
  {
    "model": "products_app.productimage",
    "pk": 13,
    "fields": {
      "product": 9,
      "image": "images/products/Trident-Z5-RGB-64GB-Dual-5600MHz-CL36-E28093-Black-02.webp",
      "image_url": "https://pckala.org/wp-content/uploads/2023/09/Trident-Z5-RGB-64GB-Dual-5600MHz-CL36-%E2%80%93-Black-02.webp"
    }
  },
  {
    "model": "products_app.productimage",
    "pk": 14,
    "fields": {
      "product": 8,
      "image": "images/products/Corsair-Dominator-Platinum-RGB-DDR5-64GB-Dual-5600MHz-CL40-Black-1.webp",
      "image_url": "https://pckala.org/wp-content/uploads/2023/05/Corsair-Dominator-Platinum-RGB-DDR5-64GB-Dual-5600MHz-CL40-Black-1.webp"
    }
  },
  {
    "model": "products_app.productimage",
    "pk": 15,
    "fields": {
      "product": 10,
      "image": "images/products/WD-Purple-6TB-WD60PURZ.webp",
      "image_url": "https://pckala.org/wp-content/uploads/2023/09/WD-Purple-6TB-WD60PURZ.webp"
    }
  },
  {
    "model": "products_app.productimage",
    "pk": 16,
    "fields": {
      "product": 11,
      "image": "images/products/990-pro-2tb.webp",
      "image_url": "https://pckala.org/wp-content/uploads/2023/09/990-pro-2tb.webp"
    }
  },
  {
    "model": "products_app.productimage",
    "pk": 17,
    "fields": {
      "product": 12,
      "image": "images/products/GP1350B-OCDG-3.webp",
      "image_url": "https://pckala.org/wp-content/uploads/2023/05/GP1350B-OCDG-3.webp"
    }
  },
  {
    "model": "products_app.productimage",
    "pk": 18,
    "fields": {
      "product": 13,
      "image": "images/products/thermaltake-water-3.0-360-argb-sync.webp",
      "image_url": "https://pckala.org/wp-content/uploads/2023/09/thermaltake-water-3.0-360-argb-sync.webp"
    }
  },
  {
    "model": "products_app.productimage",
    "pk": 19,
    "fields": {
      "product": 14,
      "image": "images/products/DeepCool-QUADSTELLAR-INFINITY.webp",
      "image_url": "https://pckala.org/wp-content/uploads/2023/05/DeepCool-QUADSTELLAR-INFINITY.webp"
    }
  },
  {
    "model": "products_app.productimage",
    "pk": 20,
    "fields": {
      "product": 15,
      "image": "images/products/pcultra.webp",
      "image_url": "https://pckala.org/wp-content/uploads/2023/11/pcultra.webp"
    }
  },
  {
    "model": "products_app.productimage",
    "pk": 24,
    "fields": {
      "product": 21,
      "image": "images/products/Intel-Core-i3-10100F-TRAY_nfs61L7.webp",
      "image_url": "https://pckala.org/wp-content/uploads/2023/04/Intel-Core-i3-10100F-TRAY.webp"
    }
  },
  {
    "model": "products_app.productimage",
    "pk": 25,
    "fields": {
      "product": 22,
      "image": "images/products/Intel-Core-i3-12100F-Tray_euyCMwS.webp",
      "image_url": "https://pckala.org/wp-content/uploads/2023/04/Intel-Core-i3-12100F-Tray.webp"
    }
  },
  {
    "model": "products_app.productimage",
    "pk": 26,
    "fields": {
      "product": 23,
      "image": "images/products/Intel-Core-i3-10100-TRAY_Wh4AHMX.webp",
      "image_url": "https://pckala.org/wp-content/uploads/2023/04/Intel-Core-i3-10100-TRAY.webp"
    }
  },
  {
    "model": "products_app.productimage",
    "pk": 27,
    "fields": {
      "product": 25,
      "image": "images/products/Intel-Core-i3-12100.webp",
      "image_url": "https://pckala.org/wp-content/uploads/2023/04/Intel-Core-i3-12100.webp"
    }
  },
  {
    "model": "products_app.productimage",
    "pk": 28,
    "fields": {
      "product": 26,
      "image": "images/products/Intel-Core-i5-10400F-TRAY.webp",
      "image_url": "https://pckala.org/wp-content/uploads/2023/04/Intel-Core-i5-10400F-TRAY.webp"
    }
  },
  {
    "model": "products_app.productimage",
    "pk": 29,
    "fields": {
      "product": 27,
      "image": "images/products/Intel-Core-i3-13100F-Tray.webp",
      "image_url": "https://pckala.org/wp-content/uploads/2023/04/Intel-Core-i3-13100F-Tray.webp"
    }
  },
  {
    "model": "products_app.productimage",
    "pk": 30,
    "fields": {
      "product": 28,
      "image": "images/products/Intel-Core-i5-10400-TRAY.webp",
      "image_url": "https://pckala.org/wp-content/uploads/2023/04/Intel-Core-i5-10400-TRAY.webp"
    }
  },
  {
    "model": "products_app.productimage",
    "pk": 31,
    "fields": {
      "product": 29,
      "image": "images/products/Intel-Core-i3-13100-Tray-1.webp",
      "image_url": "https://pckala.org/wp-content/uploads/2023/04/Intel-Core-i3-13100-Tray-1.webp"
    }
  },
  {
    "model": "products_app.productimage",
    "pk": 32,
    "fields": {
      "product": 30,
      "image": "images/products/Intel-Core-i5-12400F.webp",
      "image_url": "https://pckala.org/wp-content/uploads/2023/04/Intel-Core-i5-12400F.webp"
    }
  },
  {
    "model": "products_app.productimage",
    "pk": 33,
    "fields": {
      "product": 31,
      "image": "images/products/Intel-Core-i5-12400-Tray.webp",
      "image_url": "https://pckala.org/wp-content/uploads/2023/04/Intel-Core-i5-12400-Tray.webp"
    }
  },
  {
    "model": "products_app.productimage",
    "pk": 34,
    "fields": {
      "product": 32,
      "image": "images/products/Intel-Core-i5-13400F-Tray.webp",
      "image_url": "https://pckala.org/wp-content/uploads/2023/04/Intel-Core-i5-13400F-Tray.webp"
    }
  },
  {
    "model": "products_app.productimage",
    "pk": 35,
    "fields": {
      "product": 33,
      "image": "images/products/Intel-Core-i7-10700-Tray.webp",
      "image_url": "https://pckala.org/wp-content/uploads/2023/04/Intel-Core-i7-10700-Tray.webp"
    }
  },
  {
    "model": "products_app.productimage",
    "pk": 36,
    "fields": {
      "product": 34,
      "image": "images/products/Intel-Core-i5-13400-Tray.webp",
      "image_url": "https://pckala.org/wp-content/uploads/2023/04/Intel-Core-i5-13400-Tray.webp"
    }
  },
  {
    "model": "products_app.productimage",
    "pk": 37,
    "fields": {
      "product": 35,
      "image": "images/products/Intel-Core-i7-10700K.webp",
      "image_url": "https://pckala.org/wp-content/uploads/2023/04/Intel-Core-i7-10700K.webp"
    }
  },
  {
    "model": "products_app.productimage",
    "pk": 38,
    "fields": {
      "product": 52,
      "image": "images/products/prime-h510m-r.webp",
      "image_url": "https://pckala.org/wp-content/uploads/2023/09/prime-h510m-r.webp"
    }
  },
  {
    "model": "products_app.productimage",
    "pk": 39,
    "fields": {
      "product": 53,
      "image": "images/products/h610m-r-d4-1.webp",
      "image_url": "https://pckala.org/wp-content/uploads/2023/09/h610m-r-d4-1.webp"
    }
  },
  {
    "model": "products_app.productimage",
    "pk": 40,
    "fields": {
      "product": 54,
      "image": "images/products/PRIME-H510M-K.webp",
      "image_url": "https://pckala.org/wp-content/uploads/2023/04/PRIME-H510M-K.webp"
    }
  },
  {
    "model": "products_app.productimage",
    "pk": 41,
    "fields": {
      "product": 55,
      "image": "images/products/PRIME-H610M-E-D4.webp",
      "image_url": "https://pckala.org/wp-content/uploads/2023/04/PRIME-H610M-E-D4.webp"
    }
  },
  {
    "model": "products_app.productimage",
    "pk": 42,
    "fields": {
      "product": 56,
      "image": "images/products/PRIME-H610M-K-D4.webp",
      "image_url": "https://pckala.org/wp-content/uploads/2023/04/PRIME-H610M-K-D4.webp"
    }
  },
  {
    "model": "products_app.productimage",
    "pk": 43,
    "fields": {
      "product": 57,
      "image": "images/products/PRIME-H610M-C-PS-D4.webp",
      "image_url": "https://pckala.org/wp-content/uploads/2023/04/PRIME-H610M-C-PS-D4.webp"
    }
  },
  {
    "model": "products_app.productimage",
    "pk": 44,
    "fields": {
      "product": 58,
      "image": "images/products/PRIME-H610M-E-D4-4.webp",
      "image_url": "https://pckala.org/wp-content/uploads/2023/04/PRIME-H610M-E-D4-4.webp"
    }
  },
  {
    "model": "products_app.productimage",
    "pk": 45,
    "fields": {
      "product": 59,
      "image": "images/products/PRIME-H610M-A-WIFI-D4.webp",
      "image_url": "https://pckala.org/wp-content/uploads/2023/04/PRIME-H610M-A-WIFI-D4.webp"
    }
  },
  {
    "model": "products_app.productimage",
    "pk": 46,
    "fields": {
      "product": 60,
      "image": "images/products/b660m-k-d4-1.webp",
      "image_url": "https://pckala.org/wp-content/uploads/2023/09/b660m-k-d4-1.webp"
    }
  },
  {
    "model": "products_app.productimage",
    "pk": 47,
    "fields": {
      "product": 61,
      "image": "images/products/PRIME-H770-PLUS-D4.webp",
      "image_url": "https://pckala.org/wp-content/uploads/2023/04/PRIME-H770-PLUS-D4.webp"
    }
  },
  {
    "model": "products_app.productimage",
    "pk": 48,
    "fields": {
      "product": 62,
      "image": "images/products/prime-b660m-a-wifi-d4-3.webp",
      "image_url": "https://pckala.org/wp-content/uploads/2023/04/prime-b660m-a-wifi-d4-3.webp"
    }
  },
  {
    "model": "products_app.productimage",
    "pk": 49,
    "fields": {
      "product": 63,
      "image": "images/products/prime-b660-plus-d4-10.webp",
      "image_url": "https://pckala.org/wp-content/uploads/2023/04/prime-b660-plus-d4-10.webp"
    }
  },
  {
    "model": "products_app.productimage",
    "pk": 50,
    "fields": {
      "product": 64,
      "image": "images/products/Prime-Z790-P-DDR5.webp",
      "image_url": "https://pckala.org/wp-content/uploads/2023/04/Prime-Z790-P-DDR5.webp"
    }
  },
  {
    "model": "products_app.productimage",
    "pk": 64,
    "fields": {
      "product": 85,
      "image": "images/products/asus-rog-strix-scar-g834jyr-ac-i9-14900hx-64gb-d5-2tb-rtx-4090-16gb-qhd_Y6PjVWo.webp",
      "image_url": "https://pckala.org/wp-content/uploads/2024/04/asus-rog-strix-scar-g834jyr-ac-i9-14900hx-64gb-d5-2tb-rtx-4090-16gb-qhd-plus-laptop-6.webp"
    }
  },
  {
    "model": "products_app.productimage",
    "pk": 65,
    "fields": {
      "product": 86,
      "image": "images/products/asus-rog-strix-scar-g834jyr-ab-i9-14900hx-64gb-d5-1tb-rtx-4090-16gb-qhd_8Wt6Bhm.webp",
      "image_url": "https://pckala.org/wp-content/uploads/2024/04/asus-rog-strix-scar-g834jyr-ab-i9-14900hx-64gb-d5-1tb-rtx-4090-16gb-qhd-plus-laptop-6.webp"
    }
  },
  {
    "model": "products_app.productimage",
    "pk": 66,
    "fields": {
      "product": 87,
      "image": "images/products/asus-rog-g834jzr-ac-i9-14900hx-64gb-ddr5-2tb-rtx-4080-12gb-wqxga-laptop_uIy6DUL.webp",
      "image_url": "https://pckala.org/wp-content/uploads/2024/04/asus-rog-g834jzr-ac-i9-14900hx-64gb-ddr5-2tb-rtx-4080-12gb-wqxga-laptop.webp"
    }
  },
  {
    "model": "products_app.productimage",
    "pk": 67,
    "fields": {
      "product": 88,
      "image": "images/products/asus-laptop-rog-gu604vy-ac-i9-13900h-64gb-ddr5-2tb-rtx-4090-16gb-wqxga-_6uTkHrR.webp",
      "image_url": "https://pckala.org/wp-content/uploads/2024/04/asus-laptop-rog-gu604vy-ac-i9-13900h-64gb-ddr5-2tb-rtx-4090-16gb-wqxga-4.webp"
    }
  },
  {
    "model": "products_app.productimage",
    "pk": 68,
    "fields": {
      "product": 89,
      "image": "images/products/asus-rog-g834jzr-ab-i9-14900hx-64gb-ddr5-1tb-rtx-4080-12gb-wqxga-laptop_cgd1R8w.webp",
      "image_url": "https://pckala.org/wp-content/uploads/2024/04/asus-rog-g834jzr-ab-i9-14900hx-64gb-ddr5-1tb-rtx-4080-12gb-wqxga-laptop-5.webp"
    }
  },
  {
    "model": "products_app.productimage",
    "pk": 69,
    "fields": {
      "product": 90,
      "image": "images/products/asus-laptop-rog-gu604vy-ab-i9-13900h-64gb-ddr5-1tb-rtx-4090-16gb-wqxga-_tREyoZU.webp",
      "image_url": "https://pckala.org/wp-content/uploads/2024/04/asus-laptop-rog-gu604vy-ab-i9-13900h-64gb-ddr5-1tb-rtx-4090-16gb-wqxga-5.webp"
    }
  },
  {
    "model": "products_app.productimage",
    "pk": 70,
    "fields": {
      "product": 91,
      "image": "images/products/asus-rog-gu604vy-aa-i9-13900h-32gb-ddr5-2tb-rtx-4090-16gb-wqxga-laptop-_W8wFsdl.webp",
      "image_url": "https://pckala.org/wp-content/uploads/2024/04/asus-rog-gu604vy-aa-i9-13900h-32gb-ddr5-2tb-rtx-4090-16gb-wqxga-laptop-3.webp"
    }
  },
  {
    "model": "products_app.productimage",
    "pk": 71,
    "fields": {
      "product": 92,
      "image": "images/products/asus-rog-gu604vy-a-i9-13900h-32gb-DDR5-1tb-rtx-4090-16gb-wqxga-laptop-1_EXnxXnD.webp",
      "image_url": "https://pckala.org/wp-content/uploads/2024/04/asus-rog-gu604vy-a-i9-13900h-32gb-DDR5-1tb-rtx-4090-16gb-wqxga-laptop-1.webp"
    }
  },
  {
    "model": "products_app.productimage",
    "pk": 72,
    "fields": {
      "product": 93,
      "image": "images/products/asus-rog-g614jzr-ac-i9-14900hx-64gb-ddr5-2tb-rtx-4080-12gb-wqxga-laptop_qewvKa6.webp",
      "image_url": "https://pckala.org/wp-content/uploads/2024/04/asus-rog-g614jzr-ac-i9-14900hx-64gb-ddr5-2tb-rtx-4080-12gb-wqxga-laptop-5.webp"
    }
  },
  {
    "model": "products_app.productimage",
    "pk": 73,
    "fields": {
      "product": 94,
      "image": "images/products/asus-rog-g614jzr-ab-i9-14900hx-64gb-ddr5-1tb-rtx-4080-12gb-wqxga-laptop_CtCwLJU.webp",
      "image_url": "https://pckala.org/wp-content/uploads/2024/04/asus-rog-g614jzr-ab-i9-14900hx-64gb-ddr5-1tb-rtx-4080-12gb-wqxga-laptop-5.webp"
    }
  },
  {
    "model": "products_app.productimage",
    "pk": 74,
    "fields": {
      "product": 95,
      "image": "images/products/asus-rog-g614jzr-aa-i9-14900hx-32gb-ddr5-2tb-rtx-4080-12gb-wqxga-laptop_v5lkO55.webp",
      "image_url": "https://pckala.org/wp-content/uploads/2024/04/asus-rog-g614jzr-aa-i9-14900hx-32gb-ddr5-2tb-rtx-4080-12gb-wqxga-laptop-5.webp"
    }
  },
  {
    "model": "products_app.productimage",
    "pk": 75,
    "fields": {
      "product": 96,
      "image": "images/products/asus-rog-g614jzr-a-i9-14900hx-32gb-ddr5-1tb-rtx-4080-12gb-wqxga-laptop-_vSINrmB.webp",
      "image_url": "https://pckala.org/wp-content/uploads/2024/04/asus-rog-g614jzr-a-i9-14900hx-32gb-ddr5-1tb-rtx-4080-12gb-wqxga-laptop-4.webp"
    }
  },
  {
    "model": "products_app.productimage",
    "pk": 76,
    "fields": {
      "product": 97,
      "image": "images/products/Corsair-Vengeance-DDR5-32GB-Dual-5200MHz-CL40.webp",
      "image_url": "https://pckala.org/wp-content/uploads/2023/05/Corsair-Vengeance-DDR5-32GB-Dual-5200MHz-CL40.webp"
    }
  },
  {
    "model": "products_app.productimage",
    "pk": 77,
    "fields": {
      "product": 98,
      "image": "images/products/Corsair-Vengeance-RGB-DDR5-32GB-Dual-6200MHz-CL36-Black.webp",
      "image_url": "https://pckala.org/wp-content/uploads/2023/05/Corsair-Vengeance-RGB-DDR5-32GB-Dual-6200MHz-CL36-Black.webp"
    }
  },
  {
    "model": "products_app.productimage",
    "pk": 78,
    "fields": {
      "product": 99,
      "image": "images/products/Corsair-VENGEANCE-LPX-32GB-Dual-3200MHz-CL16.webp",
      "image_url": "https://pckala.org/wp-content/uploads/2023/05/Corsair-VENGEANCE-LPX-32GB-Dual-3200MHz-CL16.webp"
    }
  },
  {
    "model": "products_app.productimage",
    "pk": 79,
    "fields": {
      "product": 100,
      "image": "images/products/Corsair-Vengeance-DDR5-32GB-Dual-5600MHz-CL36.webp",
      "image_url": "https://pckala.org/wp-content/uploads/2023/05/Corsair-Vengeance-DDR5-32GB-Dual-5600MHz-CL36.webp"
    }
  },
  {
    "model": "products_app.productimage",
    "pk": 80,
    "fields": {
      "product": 102,
      "image": "images/products/SAMSUNG-990-PRO-1TB.webp",
      "image_url": "https://pckala.org/wp-content/uploads/2023/05/SAMSUNG-990-PRO-1TB.webp"
    }
  },
  {
    "model": "products_app.productimage",
    "pk": 81,
    "fields": {
      "product": 103,
      "image": "images/products/SAMSUNG-980-500GB.webp",
      "image_url": "https://pckala.org/wp-content/uploads/2023/05/SAMSUNG-980-500GB.webp"
    }
  },
  {
    "model": "products_app.productimage",
    "pk": 82,
    "fields": {
      "product": 104,
      "image": "images/products/SAMSUNG-980-PRO-1TB.webp",
      "image_url": "https://pckala.org/wp-content/uploads/2023/05/SAMSUNG-980-PRO-1TB.webp"
    }
  },
  {
    "model": "products_app.productimage",
    "pk": 83,
    "fields": {
      "product": 110,
      "image": "images/products/ZOTAC-RTX-4070TI-AMP-AIRO-SPIDER-MAN.webp",
      "image_url": "https://pckala.org/wp-content/uploads/2023/09/ZOTAC-RTX-4070TI-AMP-AIRO-SPIDER-MAN.webp"
    }
  },
  {
    "model": "products_app.productimage",
    "pk": 84,
    "fields": {
      "product": 111,
      "image": "images/products/ASUS-TUF-GAMING-RTX-4070-Ti-12G.webp",
      "image_url": "https://pckala.org/wp-content/uploads/2023/04/ASUS-TUF-GAMING-RTX-4070-Ti-12G.webp"
    }
  },
  {
    "model": "products_app.motherboard",
    "pk": 2,
    "fields": {
      "appearance": "ATX",
      "brand": "ASUS",
      "model": "ROG MAXIMUS Z790 HERO EVA-02 EDITION",
      "platform": "Intel",
      "cpu_socket": "LGA1700",
      "chipset": "Intel Z790",
      "max_supported_memory": "192",
      "memory_slots_num": "4",
      "compatibility": "Intel 12Th Generation, Intel 13th Generation,  Intel 14Th Generation",
      "num_ports": "12"
    }
  },
  {
    "model": "products_app.motherboard",
    "pk": 3,
    "fields": {
      "appearance": "ATX",
      "brand": "ASUS",
      "model": "ROG STRIX Z790-E GAMING WIFI",
      "platform": "اینتل",
      "cpu_socket": "Intel LGA 1700",
      "chipset": "Z790",
      "max_supported_memory": "128",
      "memory_slots_num": "4",
      "compatibility": "Intel® Socket LGA1700 for 13th Gen Intel® Core™ Processors & 12th Gen Intel® Core™, Pentium® Gold an",
      "num_ports": "12"
    }
  },
  {
    "model": "products_app.motherboard",
    "pk": 52,
    "fields": {
      "appearance": "M-ATX\n",
      "brand": "ASUS\n",
      "model": "2 پورت USB 3.2دو پورت USB 2.0\n",
      "platform": "11th-Generation\n",
      "cpu_socket": "Intel LGA 1200\n",
      "chipset": "Intel H510\n",
      "max_supported_memory": "64 گیگابایت\n",
      "memory_slots_num": "2 عدد\n",
      "compatibility": "11th-Generation\n",
      "num_ports": "2 پورت USB 3.2دو پورت USB 2.0\n"
    }
  },
  {
    "model": "products_app.motherboard",
    "pk": 53,
    "fields": {
      "appearance": "M-ATX\n",
      "brand": "ASUS\n",
      "model": "2 پورت USB 3.2دو پورت USB 2.0\n",
      "platform": "Intel® Socket LGA1700 for 12th Gen Intel® Core™, Pentium® Gold and Celeron® Processors*\n",
      "cpu_socket": "Intel LGA 1700\n",
      "chipset": "H610\n",
      "max_supported_memory": "64 گیگابایت\n",
      "memory_slots_num": "2 عدد\n",
      "compatibility": "Intel® Socket LGA1700 for 12th Gen Intel® Core™, Pentium® Gold and Celeron® Processors*\n",
      "num_ports": "2 پورت USB 3.2دو پورت USB 2.0\n"
    }
  },
  {
    "model": "products_app.motherboard",
    "pk": 54,
    "fields": {
      "appearance": "M-ATX\n",
      "brand": "ASUS\n",
      "model": "PRIME H510M-K\n",
      "platform": "10th-Generation11th-Generation\n",
      "cpu_socket": "Intel LGA 1200\n",
      "chipset": "Intel H510\n",
      "max_supported_memory": "64 گیگابایت\n",
      "memory_slots_num": "2 عدد\n",
      "compatibility": "10th-Generation11th-Generation\n",
      "num_ports": "دو پورت USB 2.0دو پورت USB 3.1 Gen 1\n"
    }
  },
  {
    "model": "products_app.motherboard",
    "pk": 55,
    "fields": {
      "appearance": "M-ATX\n",
      "brand": "ASUS\n",
      "model": "PRIME H610M-E D4\n",
      "platform": "Intel® Socket LGA1700 for 13th Gen Intel® Core™ Processors & 12th Gen Intel® Core™, Pentium® Gold and Celeron® Processors\n",
      "cpu_socket": "Intel LGA 1700\n",
      "chipset": "H610\n",
      "max_supported_memory": "64 گیگابایت\n",
      "memory_slots_num": "2 عدد\n",
      "compatibility": "Intel® Socket LGA1700 for 13th Gen Intel® Core™ Processors & 12th Gen Intel® Core™, Pentium® Gold and Celeron® Processors\n",
      "num_ports": "2 پورت USB 3.2دو پورت USB 2.0\n"
    }
  },
  {
    "model": "products_app.motherboard",
    "pk": 56,
    "fields": {
      "appearance": "M-ATX\n",
      "brand": "ASUS\n",
      "model": "PRIME H610M-K D4\n",
      "platform": "Intel 12Th Generation\n",
      "cpu_socket": "Intel LGA 1700\n",
      "chipset": "H610\n",
      "max_supported_memory": "64 گیگابایت\n",
      "memory_slots_num": "2 عدد\n",
      "compatibility": "Intel 12Th Generation\n",
      "num_ports": "دو پورت USB 2.0دو پورت USB 3.1 Gen 1\n"
    }
  },
  {
    "model": "products_app.motherboard",
    "pk": 57,
    "fields": {
      "appearance": "M-ATX\n",
      "brand": "ASUS\n",
      "model": "PRIME H610M C PS D4\n",
      "platform": "Intel 12Th Generation\n",
      "cpu_socket": "Intel LGA 1700\n",
      "chipset": "H610\n",
      "max_supported_memory": "64 گیگابایت\n",
      "memory_slots_num": "2 عدد\n",
      "compatibility": "Intel 12Th Generation\n",
      "num_ports": "دو پورت USB 2.0دو پورت USB 3.1 Gen 1\n"
    }
  },
  {
    "model": "products_app.motherboard",
    "pk": 58,
    "fields": {
      "appearance": "M-ATX\n",
      "brand": "ASUS\n",
      "model": "PRIME H610M-A D4\n",
      "platform": "Intel® Socket LGA1700 for 13th Gen Intel® Core™ Processors & 12th Gen Intel® Core™, Pentium® Gold and Celeron® Processors\n",
      "cpu_socket": "Intel LGA 1700\n",
      "chipset": "H610\n",
      "max_supported_memory": "64 گیگابایت\n",
      "memory_slots_num": "2 عدد\n",
      "compatibility": "Intel® Socket LGA1700 for 13th Gen Intel® Core™ Processors & 12th Gen Intel® Core™, Pentium® Gold and Celeron® Processors\n",
      "num_ports": "2 پورت USB 3.2چهار پورت USB 2.0\n"
    }
  },
  {
    "model": "products_app.motherboard",
    "pk": 59,
    "fields": {
      "appearance": "M-ATX\n",
      "brand": "ASUS\n",
      "model": "PRIME H610M-A WIFI D4\n",
      "platform": "Intel® Socket LGA1700 for 13th Gen Intel® Core™ Processors & 12th Gen Intel® Core™, Pentium® Gold and Celeron® Processors\n",
      "cpu_socket": "Intel LGA 1700\n",
      "chipset": "H610\n",
      "max_supported_memory": "64 گیگابایت\n",
      "memory_slots_num": "2 عدد\n",
      "compatibility": "Intel® Socket LGA1700 for 13th Gen Intel® Core™ Processors & 12th Gen Intel® Core™, Pentium® Gold and Celeron® Processors\n",
      "num_ports": "چهار پورت USB 2.02 پورت USB 3.2 gen 2\n"
    }
  },
  {
    "model": "products_app.motherboard",
    "pk": 60,
    "fields": {
      "appearance": "M-ATX\n",
      "brand": "ASUS\n",
      "model": "دو پورت USB 2.04 پورت USB 3.2 gen 1\n",
      "platform": "Intel® Socket LGA1700 for 13th Gen Intel® Core™ & 12th Gen Intel® Core™, Pentium® Gold and Celeron® Processors\n",
      "cpu_socket": "Intel LGA 1700\n",
      "chipset": "B660\n",
      "max_supported_memory": "64 گیگابایت\n",
      "memory_slots_num": "2 عدد\n",
      "compatibility": "Intel® Socket LGA1700 for 13th Gen Intel® Core™ & 12th Gen Intel® Core™, Pentium® Gold and Celeron® Processors\n",
      "num_ports": "دو پورت USB 2.04 پورت USB 3.2 gen 1\n"
    }
  },
  {
    "model": "products_app.motherboard",
    "pk": 61,
    "fields": {
      "appearance": "ATX\n",
      "brand": "ASUS\n",
      "model": "PRIME H770 PLUS D4\n",
      "platform": "Intel 12Th Generation\n",
      "cpu_socket": "Intel LGA 1700\n",
      "chipset": "H770\n",
      "max_supported_memory": "128 گیگابایت\n",
      "memory_slots_num": "4 عدد\n",
      "compatibility": "Intel 12Th Generation\n",
      "num_ports": "دو پورت USB 2.0دو پورت USB 3.1 Gen 1\n"
    }
  },
  {
    "model": "products_app.motherboard",
    "pk": 62,
    "fields": {
      "appearance": "M-ATX\n",
      "brand": "ASUS\n",
      "model": "PRIME B660M-A WIFI D4\n",
      "platform": "Intel® Socket LGA1700 for 13th Gen Intel® Core™ Processors & 12th Gen Intel® Core™, Pentium® Gold and Celeron® Processors\n",
      "cpu_socket": "Intel LGA 1700\n",
      "chipset": "B660\n",
      "max_supported_memory": "128 گیگابایت\n",
      "memory_slots_num": "4 عدد\n",
      "compatibility": "Intel® Socket LGA1700 for 13th Gen Intel® Core™ Processors & 12th Gen Intel® Core™, Pentium® Gold and Celeron® Processors\n",
      "num_ports": "چهار پورت USB 2.02 پورت USB 3.2 gen 2\n"
    }
  },
  {
    "model": "products_app.motherboard",
    "pk": 63,
    "fields": {
      "appearance": "ATX\n",
      "brand": "ASUS\n",
      "model": "Prime B660-PLUS D4\n",
      "platform": "Intel® Socket LGA1700 for 13th Gen Intel® Core™ Processors & 12th Gen Intel® Core™, Pentium® Gold and Celeron® Processors\n",
      "cpu_socket": "Intel LGA 1700\n",
      "chipset": "B660\n",
      "max_supported_memory": "128 گیگابایت\n",
      "memory_slots_num": "4 عدد\n",
      "compatibility": "Intel® Socket LGA1700 for 13th Gen Intel® Core™ Processors & 12th Gen Intel® Core™, Pentium® Gold and Celeron® Processors\n",
      "num_ports": "یک پورت USB-C1 پورت USB 2.01 پورت USB 3.2 Gen 2سه پورت USB 3.2 gen 1\n"
    }
  },
  {
    "model": "products_app.motherboard",
    "pk": 64,
    "fields": {
      "appearance": "ATX\n",
      "brand": "ASUS\n",
      "model": "Prime Z790 P DDR5\n",
      "platform": "Intel 12Th GenerationIntel 13th Generation\n",
      "cpu_socket": "Intel LGA 1700\n",
      "chipset": "Z790\n",
      "max_supported_memory": "128 گیگابایت\n",
      "memory_slots_num": "4 عدد\n",
      "compatibility": "Intel 12Th GenerationIntel 13th Generation\n",
      "num_ports": "دو پورت USB 2.0دو پورت USB 3.1 Gen 1\n"
    }
  },
  {
    "model": "products_app.cpu",
    "pk": 4,
    "fields": {
      "brand": "Intel",
      "model": "Core i9-14900K",
      "cores": "24",
      "threads": "32",
      "chache_storage": "36",
      "cpu_socket": "intel LGA 1700",
      "consumptionـpower": "125",
      "packing": "Tray"
    }
  },
  {
    "model": "products_app.cpu",
    "pk": 5,
    "fields": {
      "brand": "Intel",
      "model": "Core i5-13600K",
      "cores": "14",
      "threads": "20",
      "chache_storage": "24",
      "cpu_socket": "intel LGA 1700",
      "consumptionـpower": "125",
      "packing": "Box"
    }
  },
  {
    "model": "products_app.cpu",
    "pk": 21,
    "fields": {
      "brand": "Intel",
      "model": "core i3-10100F",
      "cores": "4",
      "threads": "8",
      "chache_storage": "6MB",
      "cpu_socket": "Intel LGA 1200",
      "consumptionـpower": "65 وات",
      "packing": "tray"
    }
  },
  {
    "model": "products_app.cpu",
    "pk": 22,
    "fields": {
      "brand": "Intel",
      "model": "I3-12100F",
      "cores": "4",
      "threads": "8",
      "chache_storage": "12MB",
      "cpu_socket": "intel LGA 1700",
      "consumptionـpower": "58 وات",
      "packing": "tray"
    }
  },
  {
    "model": "products_app.cpu",
    "pk": 23,
    "fields": {
      "brand": "Intel",
      "model": "Core i3-10100",
      "cores": "4",
      "threads": "8",
      "chache_storage": "6MB",
      "cpu_socket": "Intel LGA 1200",
      "consumptionـpower": "65 وات",
      "packing": "tray"
    }
  },
  {
    "model": "products_app.cpu",
    "pk": 24,
    "fields": {
      "brand": "Intel",
      "model": "Pentium Gold G6405",
      "cores": "2",
      "threads": "4",
      "chache_storage": "DDR4",
      "cpu_socket": "Intel LGA 1200",
      "consumptionـpower": "58 وات",
      "packing": "UHD Graphics 610"
    }
  },
  {
    "model": "products_app.cpu",
    "pk": 25,
    "fields": {
      "brand": "Intel",
      "model": "Intel Core i3-12100",
      "cores": "4 = 0x Efficient + 4 x Performance",
      "threads": "8",
      "chache_storage": "12MB",
      "cpu_socket": "intel LGA 1700",
      "consumptionـpower": "89 وات",
      "packing": "tray"
    }
  },
  {
    "model": "products_app.cpu",
    "pk": 26,
    "fields": {
      "brand": "Intel",
      "model": "intel core i5-10400F",
      "cores": "6",
      "threads": "12",
      "chache_storage": "12MB",
      "cpu_socket": "Intel LGA 1200",
      "consumptionـpower": "65 وات",
      "packing": "tray"
    }
  },
  {
    "model": "products_app.cpu",
    "pk": 27,
    "fields": {
      "brand": "Intel",
      "model": "Core i3-13100F",
      "cores": "4",
      "threads": "8",
      "chache_storage": "12MB",
      "cpu_socket": "intel LGA 1700",
      "consumptionـpower": "58 وات",
      "packing": "tray"
    }
  },
  {
    "model": "products_app.cpu",
    "pk": 28,
    "fields": {
      "brand": "Intel",
      "model": "Intel Core i5-10400",
      "cores": "6",
      "threads": "12",
      "chache_storage": "12MB",
      "cpu_socket": "Intel LGA 1200",
      "consumptionـpower": "65 وات",
      "packing": "tray"
    }
  },
  {
    "model": "products_app.cpu",
    "pk": 29,
    "fields": {
      "brand": "Intel",
      "model": "Core i3-13100",
      "cores": "4",
      "threads": "8",
      "chache_storage": "12MB",
      "cpu_socket": "intel LGA 1700",
      "consumptionـpower": "58 وات",
      "packing": "tray"
    }
  },
  {
    "model": "products_app.cpu",
    "pk": 30,
    "fields": {
      "brand": "Intel",
      "model": "Intel Core i5-12400F",
      "cores": "6 = 0x Efficient + 6x Performance",
      "threads": "12",
      "chache_storage": "18MB",
      "cpu_socket": "intel LGA 1700",
      "consumptionـpower": "117 وات",
      "packing": "tray"
    }
  },
  {
    "model": "products_app.cpu",
    "pk": 31,
    "fields": {
      "brand": "Intel",
      "model": "i5-12400",
      "cores": "6 = 0x Efficient + 6x Performance",
      "threads": "12",
      "chache_storage": "18MB",
      "cpu_socket": "intel LGA 1700",
      "consumptionـpower": "117 وات",
      "packing": "tray"
    }
  },
  {
    "model": "products_app.cpu",
    "pk": 32,
    "fields": {
      "brand": "Intel",
      "model": "Core i5-13400F",
      "cores": "10",
      "threads": "16",
      "chache_storage": "20MB",
      "cpu_socket": "intel LGA 1700",
      "consumptionـpower": "65 وات",
      "packing": "tray"
    }
  },
  {
    "model": "products_app.cpu",
    "pk": 33,
    "fields": {
      "brand": "Intel",
      "model": "Core i7-10700",
      "cores": "8",
      "threads": "16",
      "chache_storage": "16MB",
      "cpu_socket": "Intel LGA 1200",
      "consumptionـpower": "65 وات",
      "packing": "tray"
    }
  },
  {
    "model": "products_app.cpu",
    "pk": 34,
    "fields": {
      "brand": "Intel",
      "model": "Core i5-13400",
      "cores": "10",
      "threads": "16",
      "chache_storage": "20MB",
      "cpu_socket": "intel LGA 1700",
      "consumptionـpower": "65 وات",
      "packing": "tray"
    }
  },
  {
    "model": "products_app.cpu",
    "pk": 35,
    "fields": {
      "brand": "Intel",
      "model": "intel core i7-10700K",
      "cores": "8",
      "threads": "16",
      "chache_storage": "16MB",
      "cpu_socket": "Intel LGA 1200",
      "consumptionـpower": "125 وات",
      "packing": "box"
    }
  },
  {
    "model": "products_app.ram",
    "pk": 8,
    "fields": {
      "brand": "Corsair",
      "model": "DOMINATOR PLATINUM RGB",
      "ram_type": "DDR5",
      "ram_frequency": "5600"
    }
  },
  {
    "model": "products_app.ram",
    "pk": 9,
    "fields": {
      "brand": "G-SKILL",
      "model": "TRIDENT Z5 RGB",
      "ram_type": "DDR5",
      "ram_frequency": "6000"
    }
  },
  {
    "model": "products_app.ram",
    "pk": 97,
    "fields": {
      "brand": "Corsair",
      "model": "VENGEANCE®",
      "ram_type": "DDR5",
      "ram_frequency": "5200MHz"
    }
  },
  {
    "model": "products_app.ram",
    "pk": 98,
    "fields": {
      "brand": "Corsair",
      "model": "VENGEANCE®",
      "ram_type": "DDR5",
      "ram_frequency": "6200MHz"
    }
  },
  {
    "model": "products_app.ram",
    "pk": 99,
    "fields": {
      "brand": "Corsair",
      "model": "VENGEANCE LPX Speicherkit",
      "ram_type": "DDR4",
      "ram_frequency": "3200MHz"
    }
  },
  {
    "model": "products_app.ram",
    "pk": 100,
    "fields": {
      "brand": "Corsair",
      "model": "VENGEANCE®",
      "ram_type": "DDR5",
      "ram_frequency": "5600MHz"
    }
  },
  {
    "model": "products_app.harddisk",
    "pk": 10,
    "fields": {
      "brand": "Western Digital",
      "model": "WD60PURZ",
      "appearance": "3.5",
      "reading_speed": "180",
      "writing_speed": "180",
      "connection_type": "SATA 6Gb/s",
      "num_revolutions_minute": "5400",
      "storage": "6"
    }
  },
  {
    "model": "products_app.ssd",
    "pk": 11,
    "fields": {
      "brand": "Samsung",
      "model": null,
      "appearance": "NVMe 2280",
      "reading_speed": "7450",
      "writing_speed": "6900",
      "connection_type": "PCIe x4",
      "storage": "2"
    }
  },
  {
    "model": "products_app.ssd",
    "pk": 102,
    "fields": {
      "brand": "Samsung",
      "model": "990PRO",
      "appearance": "M.2 2280",
      "reading_speed": "7450MB/s",
      "writing_speed": "6900MB/s",
      "connection_type": "PCIe x4",
      "storage": "1200000IOPS"
    }
  },
  {
    "model": "products_app.ssd",
    "pk": 103,
    "fields": {
      "brand": "ADATA",
      "model": "980",
      "appearance": "M.2 2280",
      "reading_speed": "3100MB/s",
      "writing_speed": "2600MB/s",
      "connection_type": "PCIe x4",
      "storage": "500GB"
    }
  },
  {
    "model": "products_app.ssd",
    "pk": 104,
    "fields": {
      "brand": "Samsung",
      "model": "980 PRO",
      "appearance": "M.2 2280",
      "reading_speed": "7000MB/S",
      "writing_speed": "5000MB/S",
      "connection_type": "PCIe x4",
      "storage": "1TB"
    }
  },
  {
    "model": "products_app.graphiccard",
    "pk": 6,
    "fields": {
      "brand": "Gigabyte",
      "creator": "Nvidia",
      "amount_memory": "24",
      "chip": "RTX 4090",
      "connection_interface": "PCI Express 4.0",
      "cooler": "سه فن خنک کننده بسیار قدرتمند",
      "image_output_port_type": "Display Port HDMI",
      "storage_type": "GDDR6X",
      "num_image_output_ports": "4"
    }
  },
  {
    "model": "products_app.graphiccard",
    "pk": 7,
    "fields": {
      "brand": "ZOTAC",
      "creator": "Nvidia",
      "amount_memory": "8",
      "chip": "RTX 3070",
      "connection_interface": "PCI Express 4.0",
      "cooler": "دارای دو فن خنک کننده بسیار قدرتمند",
      "image_output_port_type": "Display Port HDMI",
      "storage_type": "GDDR6",
      "num_image_output_ports": "4"
    }
  },
  {
    "model": "products_app.graphiccard",
    "pk": 110,
    "fields": {
      "brand": "ZOTAC",
      "creator": "Nvidia",
      "amount_memory": "12GB",
      "chip": "RTX 4070 Ti",
      "connection_interface": "PCI Express 4.0",
      "cooler": "سه فن خنک کننده بسیار قدرتمند",
      "image_output_port_type": "Display PortHDMI",
      "storage_type": "192 بیت",
      "num_image_output_ports": "GDDR6X"
    }
  },
  {
    "model": "products_app.graphiccard",
    "pk": 111,
    "fields": {
      "brand": "Asus",
      "creator": "Nvidia",
      "amount_memory": "12GB",
      "chip": "RTX 4070 Ti",
      "connection_interface": "PCI Express 4.0",
      "cooler": "سه فن خنک کننده بسیار قدرتمند",
      "image_output_port_type": "Display PortHDMI",
      "storage_type": "192 بیت",
      "num_image_output_ports": "GDDR6X"
    }
  },
  {
    "model": "products_app.power",
    "pk": 12,
    "fields": {
      "brand": "GREEN",
      "output_power": "1350",
      "cable_output_type": "فول ماژولار",
      "num_44_motherboard_pins": "2",
      "num_62_graphic_pins": "12",
      "cpu_output_pin": "4+4",
      "gpu_output_pin": "6+2",
      "sata_num_output": "12",
      "cooling_fan_size": "135",
      "useful_life": "120هزار ساعت"
    }
  },
  {
    "model": "products_app.cooler",
    "pk": 13,
    "fields": {
      "brand": "Thermaltake",
      "model": "Water 3.0 360 ARGB Sync",
      "cooler_type": "مایع(WaterCooling)",
      "dimensions": "394x120x27mm",
      "speed": "500",
      "lighting": "ARGB",
      "num_fan": "3"
    }
  },
  {
    "model": "products_app.case",
    "pk": 14,
    "fields": {
      "brand": "Deep Cool",
      "body_material": "ABS, SPCC, آلومینیوم",
      "side_material": "شیشه حرارت دیده",
      "color": "مشکی",
      "max_cooler_heoght": "135",
      "skeleton_type": "Full Tower",
      "num_installed_fans": "0",
      "dimensions": "540x487x494mm",
      "max_installation_space_graphics_card": "380"
    }
  },
  {
    "model": "products_app.pc",
    "pk": 15,
    "fields": {
      "pc_type": "Gaming",
      "processor": 4,
      "mother_board": 2,
      "graphics_card": 7,
      "ram": 9,
      "hdd": 10,
      "ssd": 11,
      "power": 12,
      "cooler": 13,
      "case": 14,
      "operating_system": "Windows"
    }
  },
  {
    "model": "products_app.laptop",
    "pk": 85,
    "fields": {
      "brand": "Asus",
      "processor_brand": "Intel",
      "processor_model": "Core i9-14900HX",
      "ram_type": "DDR5",
      "ram": "64GB",
      "storage_type": "SSD(NVME)",
      "storage": "2TB-SSD(NVME)",
      "graphic_card": "RTX 4090",
      "graphic_card_space": "16GB",
      "laptop_size": "18 اینچ",
      "resolution": "QHD+ (2560 x 1600)",
      "color": "مشکی"
    }
  },
  {
    "model": "products_app.laptop",
    "pk": 86,
    "fields": {
      "brand": "Asus",
      "processor_brand": "Intel",
      "processor_model": "Core i9-14900HX",
      "ram_type": "DDR5",
      "ram": "64GB",
      "storage_type": "SSD(NVME)",
      "storage": "1TB-SSD(NVME)",
      "graphic_card": "RTX 4090",
      "graphic_card_space": "16GB",
      "laptop_size": "18 اینچ",
      "resolution": "QHD+ (2560 x 1600)",
      "color": "مشکی"
    }
  },
  {
    "model": "products_app.laptop",
    "pk": 87,
    "fields": {
      "brand": "Asus",
      "processor_brand": "Intel",
      "processor_model": "Core i9-14900HX",
      "ram_type": "DDR5",
      "ram": "64GB",
      "storage_type": "SSD(NVME)",
      "storage": "2TB-SSD(NVME)",
      "graphic_card": "RTX 4080",
      "graphic_card_space": "12GB",
      "laptop_size": "18 اینچ",
      "resolution": "WQXGA (2560 x 1600)",
      "color": "مشکی"
    }
  },
  {
    "model": "products_app.laptop",
    "pk": 88,
    "fields": {
      "brand": "Asus",
      "processor_brand": "Intel",
      "processor_model": "i9-13900H",
      "ram_type": "DDR5",
      "ram": "64GB",
      "storage_type": "SSD(NVME)",
      "storage": "2TB-SSD(NVME)",
      "graphic_card": "RTX 4090",
      "graphic_card_space": "16GB",
      "laptop_size": "16 اینچ",
      "resolution": "WQXGA (2560 x 1600)",
      "color": "مشکی"
    }
  },
  {
    "model": "products_app.laptop",
    "pk": 89,
    "fields": {
      "brand": "Asus",
      "processor_brand": "Intel",
      "processor_model": "Core i9-14900HX",
      "ram_type": "DDR5",
      "ram": "64GB",
      "storage_type": "SSD(NVME)",
      "storage": "1TB-SSD(NVME)",
      "graphic_card": "RTX 4080",
      "graphic_card_space": "12GB",
      "laptop_size": "18 اینچ",
      "resolution": "WQXGA (2560 x 1600)",
      "color": "مشکی"
    }
  },
  {
    "model": "products_app.laptop",
    "pk": 90,
    "fields": {
      "brand": "Asus",
      "processor_brand": "Intel",
      "processor_model": "i9-13900H",
      "ram_type": "DDR5",
      "ram": "64GB",
      "storage_type": "SSD(NVME)",
      "storage": "1TB-SSD(NVME)",
      "graphic_card": "RTX 4090",
      "graphic_card_space": "16GB",
      "laptop_size": "16 اینچ",
      "resolution": "WQXGA (2560 x 1600)",
      "color": "مشکی"
    }
  },
  {
    "model": "products_app.laptop",
    "pk": 91,
    "fields": {
      "brand": "Asus",
      "processor_brand": "Intel",
      "processor_model": "i9-13900H",
      "ram_type": "DDR5",
      "ram": "32GB",
      "storage_type": "SSD(NVME)",
      "storage": "2TB-SSD(NVME)",
      "graphic_card": "RTX 4090",
      "graphic_card_space": "16GB",
      "laptop_size": "16 اینچ",
      "resolution": "WQXGA (2560 x 1600)",
      "color": "مشکی"
    }
  },
  {
    "model": "products_app.laptop",
    "pk": 92,
    "fields": {
      "brand": "Asus",
      "processor_brand": "Intel",
      "processor_model": "i9-13900H",
      "ram_type": "DDR5",
      "ram": "32GB",
      "storage_type": "SSD(NVME)",
      "storage": "1TB-SSD(NVME)",
      "graphic_card": "RTX 4090",
      "graphic_card_space": "16GB",
      "laptop_size": "16 اینچ",
      "resolution": "WQXGA (2560 x 1600)",
      "color": "مشکی"
    }
  },
  {
    "model": "products_app.laptop",
    "pk": 93,
    "fields": {
      "brand": "Asus",
      "processor_brand": "Intel",
      "processor_model": "Core i9-14900HX",
      "ram_type": "DDR5",
      "ram": "64GB",
      "storage_type": "SSD(NVME)",
      "storage": "2TB-SSD(NVME)",
      "graphic_card": "RTX 4080",
      "graphic_card_space": "12GB",
      "laptop_size": "16 اینچ",
      "resolution": "WQXGA (2560 x 1600)",
      "color": "خاکستری"
    }
  },
  {
    "model": "products_app.laptop",
    "pk": 94,
    "fields": {
      "brand": "Asus",
      "processor_brand": "Intel",
      "processor_model": "Core i9-14900HX",
      "ram_type": "DDR5",
      "ram": "64GB",
      "storage_type": "SSD(NVME)",
      "storage": "1TB-SSD(NVME)",
      "graphic_card": "RTX 4080",
      "graphic_card_space": "12GB",
      "laptop_size": "16 اینچ",
      "resolution": "WQXGA (2560 x 1600)",
      "color": "خاکستری"
    }
  },
  {
    "model": "products_app.laptop",
    "pk": 95,
    "fields": {
      "brand": "Asus",
      "processor_brand": "Intel",
      "processor_model": "Core i9-14900HX",
      "ram_type": "DDR5",
      "ram": "32GB",
      "storage_type": "SSD(NVME)",
      "storage": "2TB-SSD(NVME)",
      "graphic_card": "RTX 4080",
      "graphic_card_space": "12GB",
      "laptop_size": "16 اینچ",
      "resolution": "WQXGA (2560 x 1600)",
      "color": "خاکستری"
    }
  },
  {
    "model": "products_app.laptop",
    "pk": 96,
    "fields": {
      "brand": "Asus",
      "processor_brand": "Intel",
      "processor_model": "Core i9-14900HX",
      "ram_type": "DDR5",
      "ram": "32GB",
      "storage_type": "SSD(NVME)",
      "storage": "1TB-SSD(NVME)",
      "graphic_card": "RTX 4080",
      "graphic_card_space": "12GB",
      "laptop_size": "16 اینچ",
      "resolution": "WQXGA (2560 x 1600)",
      "color": "خاکستری"
    }
  }
]
